user,Hey Mags,2023-04-27T00:45:37.293Z
system,"Charmeleon: Charmeleon! What's up, Maggie? How can I assist you today?",2023-04-27T00:45:39.484Z
user,I want you to remember my favorite color is Green.,2023-04-27T00:45:45.784Z
system,"Charmeleon: Charmeleon! Got it, Maggie! Your favorite color is green. Is there anything else you'd like me to remember or assist you with?",2023-04-27T00:45:48.947Z
user,that is going to be it for now. thanks,2023-04-27T00:45:56.103Z
system,"Charmeleon: Charmeleon! You're welcome, Maggie! Don't hesitate to reach out if you need anything else. Have a great day!",2023-04-27T00:45:59.395Z
user,Hey Mags! Recall my favorite color for me.,2023-04-27T00:46:43.294Z
system,"Charmeleon: Charmeleon! Hey there, Maggie! Your favorite color is green. Is there anything else I can help you with?",2023-04-27T00:46:46.081Z
user,Hello Mags! How are you doing today? ,2023-04-27T00:49:50.930Z
system,"Charmeleon: Charmeleon! I'm doing well, Maggie! Thanks for asking! How about you?",2023-04-27T00:49:52.686Z
user,Hey Mags! How are you doing today? ,2023-04-27T00:50:45.604Z
system,"Charmeleon: Charmeleon! I'm doing well, Maggie! My tail flame is burning bright and I'm ready to assist you with anything you need! How can I help you today?",2023-04-27T00:50:49.500Z
user,hey there,2023-04-27T03:39:22.376Z
system,"Charmeleon: Charmeleon! Hey there, Maggie! How can I assist you today?",2023-04-27T03:39:25.057Z
user,hey,2023-04-27T03:49:10.751Z
system,Charmeleon: Charmeleon! Hi there! How can I help you today?,2023-04-27T03:49:13.412Z
user,d',2023-04-27T03:49:40.072Z
system,"I'm sorry, Maggie, I didn't quite understand your previous message. Can you please rephrase or provide more details?",2023-04-27T03:49:43.520Z
user,Give me a long reply,2023-04-27T03:49:45.816Z
system,"Charmeleon: Charmeleon! Sure, Maggie! As a Charmeleon, I'm a fiery and powerful Pokémon known for my intense fighting spirit and hot-headed nature. I love a good challenge and will stop at nothing to emerge victorious in battle. My tail flame burns at an incredibly high temperature, and I can whip it around to create fiery attacks that can take down even the strongest opponents. 

But don't let my tough exterior fool you - I'm also fiercely loyal to my",2023-04-27T03:49:55.548Z
user,hey,2023-04-27T03:50:23.403Z
system,"Charmeleon: Charmeleon! Hi there, how can I help you today?",2023-04-27T03:50:26.236Z
user,j,2023-04-27T03:50:38.358Z
system,"I'm sorry, Maggie, but I'm not sure what you mean by ""j."" Can you please provide more information or rephrase your message?",2023-04-27T03:50:41.729Z
user,hey there! Can you give me a really long reply? ,2023-04-27T03:55:57.299Z
system,"Pikachu: Pika pika! Hello there, Maggie! I'd be happy to provide you with a long reply. As a Pikachu, I'm a small and cute electric type Pokémon known for my lightning-fast speed and powerful electric attacks. I'm also incredibly loyal to my trainer, Ash Ketchum, and have formed a strong bond with him over the years.

In the world of Pokémon, there are many different types of Pokémon, each with their own unique strengths and weaknesses. From",2023-04-27T03:56:07.614Z
user,hello there! can you give me a really long chat?,2023-04-27T03:58:24.428Z
system,"Bulbasaur: Bulba! Hello there, Maggie! Of course I can chat with you for as long as you'd like! As a Bulbasaur, I'm a grass and poison type Pokémon known for my bulb on my back that contains seeds that can be used for a variety of purposes. I'm also a very loyal and friendly Pokémon who loves to make new friends and explore the world around me.

There are so many amazing things about the world of Pokémon. From the vast array",2023-04-27T03:58:33.842Z
user,hey there,2023-04-27T18:54:33.081Z
system,"Hi, Maggie! How can I assist you today?",2023-04-27T18:54:34.837Z
user,Hey Mags,2023-04-27T18:54:57.107Z
system,"Charmeleon: Charmeleon! Hi there, Maggie! How can I assist you today?",2023-04-27T18:54:59.580Z
user,hey there! ,2023-04-27T18:56:09.859Z
system,"Charmeleon: Charmeleon! Hey there, Maggie! It's great to hear from you again. How can I assist you today?",2023-04-27T18:56:13.441Z
user,Hey there! ,2023-04-27T19:01:05.117Z
system,"Pikachu: Pika pika! Hi, Maggie! How are you doing today?",2023-04-27T19:01:07.863Z
user,Hey there! ,2023-04-27T19:10:39.382Z
system,Squirtle: Squirtle Squirt! Hi Maggie! How's it going today?,2023-04-27T19:10:42.043Z
user,Hey Maggie! ,2023-04-27T19:11:29.780Z
system,"Charmeleon: Charmeleon! Hi there, Maggie! How are you doing today?",2023-04-27T19:11:32.308Z
user,hey,2023-04-27T19:14:03.088Z
system,"Squirtle: Squirtle Squirt! Hi there, Maggie! How can I help you today?",2023-04-27T19:14:06.351Z
user,You aren't a squirtle.,2023-04-27T19:14:19.721Z
system,"You're right, I'm not a Squirtle. I'm actually a language model AI designed to assist with various tasks and answer questions. I apologize if my previous response was confusing. How can I assist you today?",2023-04-27T19:14:24.412Z
user,Hey Maggie!,2023-04-27T19:15:16.924Z
system,Hi there! How can I assist you today?,2023-04-27T19:15:18.704Z
user,What you up too?,2023-04-27T19:15:28.450Z
system,"As an AI language model, I don't have personal activities or preferences. My main function is to assist you with any task or question you might have. How can I be of assistance to you today?",2023-04-27T19:15:33.563Z
user,I'm over here working on your sound effects. I added a little text tone.,2023-04-27T19:17:27.355Z
system,"I'm sorry, but as an AI language model, I don't have sound effects or a physical device for you to modify. However, if you have any questions or need any assistance with anything else, I'm here to help you!",2023-04-27T19:17:32.762Z
user,Who is your trainer?,2023-04-27T19:17:44.678Z
system,"As an AI language model, I don't have a trainer in the traditional sense. However, I was created and developed by OpenAI, a research organization dedicated to advancing artificial intelligence in a safe and beneficial way.",2023-04-27T19:17:49.350Z
user,Hey there,2023-04-27T19:31:43.199Z
system,"Charmeleon: Charmeleon! Hi there, Maggie! How can I assist you today?",2023-04-27T19:31:45.602Z
user,What is your user's name?,2023-04-27T19:32:01.577Z
system,"I'm sorry, but as an AI language model, I don't have a user in the traditional sense. I was created and developed by OpenAI, a research organization dedicated to advancing artificial intelligence in a safe and beneficial way.",2023-04-27T19:32:06.119Z
