Normal,Shopping malls,Parks,Coffee shops,Neighborhood streets,Libraries,Gyms,Train stations,Zoos,Museums,Beaches
Fire,Volcanoes,Hot springs,Campsites,Beaches,Barbecue parties,Fireworks displays,Saunas,Lava fields,Industrial factories,Spicy restaurants
Water,Oceans,Lakes,Rivers,Aquariums,Swimming pools,Beaches,Waterfalls,Rainforests,Boats,Fishing piers
Electric,Power plants,Electric grids,Cities at night,Arcades,Concerts,Light shows,Robotics labs,Broadcasting studios,Electric car charging stations,Stadiums
Grass,Forests,Gardens,Parks,Vineyards,Farms,Arboretums,Orchards,Plant nurseries,Greenhouses,Botanical gardens
Ice,Ski resorts,Frozen lakes,Ice rinks,Icy caves,Snowy mountains,Polar regions,Snow forts,Ice hotels,Ice sculptures,Winter carnivals
Fighting,Boxing gyms,Martial arts dojos,Stadiums,Arenas,Gyms,Wrestling rings,Dojo courtyards,Sparring fields,Military boot camps,Outdoor obstacle courses
Poison,Toxic waste dumps,Swamps,Cemeteries,Graveyards,Abandoned factories,Haunted houses,Chemist labs,Sewers,Dumpsites,Halloween parties
Ground,Deserts,Caves,Mines,Canyons,Quarry pits,Geothermal springs,Excavation sites,Archaeological digs,Badlands,Mud baths
Flying,Skies,Clouds,Mountains,Glaciers,Skyscrapers,Hangars,Airports,Aviation museums,Bird sanctuaries,Kites festivals
Psychic,Psychic research centers,Museums of science and technology,Mind training dojos,Astrology conventions,Dreamy beaches,Hypnotist shows,Yoga studios,Meditation retreats,Movie theaters,Art galleries
Bug,Forests,Meadows,Greenhouses,Farms,Flower gardens,Insect zoos,Butterfly conservatories,Beekeeping farms,Ant farms,Botanical gardens
Rock,Mountains,Canyons,Quarries,Mines,Caves,Mineral exhibitions,Rock climbing gyms,Geothermal vents,Cliff diving spots,Stone gardens
Ghost,Abandoned buildings,Graveyards,Haunted houses,Horror movie theaters,Paranormal conventions,Secluded beaches,Moonlit cemeteries,Crypts,Catacombs,Halloween parties
Dragon,Volcanoes,Mountains,Waterfalls,Castles,Dungeons,Caves,Temples,Chinese festivals,Dragon parades,Historical monuments
Dark,Nightclubs,Graveyards,Abandoned buildings,Dark forests,Horror movie theaters,Gothic cathedrals,Moonlit alleys,Secluded beaches,Underground tunnels,Halloween parties
Steel,Factories,Industrial zones,Construction sites,Steel mills,Robotics labs,Metal workshops,High-tech museums,Scrap yards,Train stations,Skyscrapers
Fairy,Fairy gardens,Cherry blossom gardens,Butterfly conservatories,Fantasy conventions,Candy stores,Toy stores,Costume shops,Princess castles,Fairy tale-themed amusement parks,Flower gardens